Run ID,No.of Training Records,No.of Testing Records,R Squared Error,MSE Value,RMSE Value,MAE Value
run_2023-12-25 22:48:03.283767,35000,15000,0.7684681441946338,208.46989574249412,14.43848661537954,12.371402761219565
